"url","name","ratings","costs","duration"
"https://www.tripadvisor.com/Attraction_Review-g60745-d104604-Reviews-Freedom_Trail-Boston_Massachusetts.html","Freedom Trail","Excellent
69%
Very good
25%
Average
4%
Poor
1%
Terrible
1%",NA,"Suggested duration: 2-3 hours"
"https://www.tripadvisor.com/Attraction_Review-g60745-d105250-Reviews-Fenway_Park-Boston_Massachusetts.html","Fenway Park","Excellent
76%
Very good
18%
Average
4%
Poor
1%
Terrible
1%",NA,"Suggested duration: More than 3 hours"
"https://www.tripadvisor.com/Attraction_Review-g60745-d105257-Reviews-Museum_of_Fine_Arts-Boston_Massachusetts.html","Museum of Fine Arts","Excellent
79%
Very good
17%
Average
2%
Poor
1%
Terrible
1%",NA,"Suggested duration: 2-3 hours"
"https://www.tripadvisor.com/Attraction_Review-g60745-d103645-Reviews-Boston_Tea_Party_Ships_Museum-Boston_Massachusetts.html","Boston Tea Party Ships & Museum","Excellent
67%
Very good
25%
Average
6%
Poor
1%
Terrible
1%","Admission to Boston Tea Party Ships and Museum
Gain admission to the Boston Tea Party Ships and Museum and learn how...read more
From $29.99*
Check Availability",NA
"https://www.tripadvisor.com/Attraction_Review-g60745-d103113-Reviews-North_End-Boston_Massachusetts.html","North End","Excellent
71%
Very good
24%
Average
3%
Poor
1%
Terrible
1%",NA,"Suggested duration: 1-2 hours"
"https://www.tripadvisor.com/Attraction_Review-g60745-d103112-Reviews-John_F_Kennedy_Presidential_Museum_Library-Boston_Massachusetts.html","John F. Kennedy Presidential Museum & Library","Excellent
71%
Very good
22%
Average
5%
Poor
1%
Terrible
1%",NA,"Suggested duration: 2-3 hours"
"https://www.tripadvisor.com/Attraction_Review-g60745-d103648-Reviews-Boston_Public_Garden-Boston_Massachusetts.html","Boston Public Garden","Excellent
71%
Very good
25%
Average
2%
Poor
1%
Terrible
1%",NA,"Suggested duration: 1-2 hours"
"https://www.tripadvisor.com/Attraction_Review-g60745-d603272-Reviews-Samuel_Adams_Brewery-Boston_Massachusetts.html","Samuel Adams Brewery","Excellent
74%
Very good
20%
Average
4%
Poor
1%
Terrible
1%",NA,"Suggested duration: 1-2 hours"
"https://www.tripadvisor.com/Attraction_Review-g60745-d108823-Reviews-Isabella_Stewart_Gardner_Museum-Boston_Massachusetts.html","Isabella Stewart Gardner Museum","Excellent
70%
Very good
20%
Average
7%
Poor
2%
Terrible
1%",NA,"Suggested duration: 1-2 hours"
"https://www.tripadvisor.com/Attraction_Review-g60745-d104816-Reviews-Boston_Public_Library-Boston_Massachusetts.html","Boston Public Library","Excellent
72%
Very good
24%
Average
2%
Poor
1%
Terrible
1%",NA,"Suggested duration: 1-2 hours"
"https://www.tripadvisor.com/Attraction_Review-g60745-d104795-Reviews-Boston_Common-Boston_Massachusetts.html","Boston Common","Excellent
56%
Very good
34%
Average
8%
Poor
1%
Terrible
1%",NA,"Suggested duration: 2-3 hours"
"https://www.tripadvisor.com/Attraction_Review-g60745-d104912-Reviews-Museum_of_Science-Boston_Massachusetts.html","Museum of Science","Excellent
63%
Very good
24%
Average
9%
Poor
3%
Terrible
1%","Museum of Science Boston Skip-The-Line Admission
Just imagine getting up close and personal with a 65-million-year-old...read more
From $29.00*
Check Availability","Suggested duration: 2-3 hours"
"https://www.tripadvisor.com/Attraction_Review-g60745-d6825959-Reviews-USS_Constitution-Boston_Massachusetts.html","USS Constitution","Excellent
65%
Very good
25%
Average
7%
Poor
2%
Terrible
1%",NA,NA
"https://www.tripadvisor.com/Attraction_Review-g60745-d8400863-Reviews-Quincy_Market-Boston_Massachusetts.html","Quincy Market","Excellent
52%
Very good
35%
Average
11%
Poor
1%
Terrible
1%",NA,NA
"https://www.tripadvisor.com/Attraction_Review-g60745-d142762-Reviews-Beacon_Hill-Boston_Massachusetts.html","Beacon Hill","Excellent
60%
Very good
34%
Average
4%
Poor
1%
Terrible
1%",NA,"Suggested duration: 2-3 hours"
"https://www.tripadvisor.com/Attraction_Review-g60745-d104828-Reviews-USS_Constitution_Museum-Boston_Massachusetts.html","USS Constitution Museum","Excellent
59%
Very good
30%
Average
9%
Poor
1%
Terrible
1%",NA,"Suggested duration: 1-2 hours"
"https://www.tripadvisor.com/Attraction_Review-g60745-d104824-Reviews-Faneuil_Hall_Marketplace-Boston_Massachusetts.html","Faneuil Hall Marketplace","Excellent
48%
Very good
35%
Average
14%
Poor
2%
Terrible
1%",NA,"Suggested duration: 1-2 hours"
"https://www.tripadvisor.com/Attraction_Review-g60745-d105255-Reviews-Newbury_Street-Boston_Massachusetts.html","Newbury Street","Excellent
55%
Very good
35%
Average
8%
Poor
1%
Terrible
1%",NA,NA
"https://www.tripadvisor.com/Attraction_Review-g60745-d208218-Reviews-Back_Bay-Boston_Massachusetts.html","Back Bay","Excellent
65%
Very good
34%
Average
1%
Poor
0%
Terrible
0%",NA,"Suggested duration: 1-2 hours"
"https://www.tripadvisor.com/Attraction_Review-g60745-d144269-Reviews-The_Mapparium-Boston_Massachusetts.html","The Mapparium","Excellent
59%
Very good
27%
Average
10%
Poor
3%
Terrible
1%",NA,"Suggested duration: < 1 hour"
"https://www.tripadvisor.com/Attraction_Review-g60745-d103649-Reviews-New_England_Aquarium-Boston_Massachusetts.html","New England Aquarium","Excellent
43%
Very good
33%
Average
19%
Poor
4%
Terrible
1%","New England Aquarium Skip-The-Line Admission
Discover one of Boston’s premier attractions, and prevent any hassle,...read more
From $31.00*
Check Availability","Suggested duration: 1-2 hours"
"https://www.tripadvisor.com/Attraction_Review-g60745-d103646-Reviews-Boston_Children_s_Museum-Boston_Massachusetts.html","Boston Children's Museum","Excellent
60%
Very good
28%
Average
9%
Poor
2%
Terrible
1%",NA,NA
"https://www.tripadvisor.com/Attraction_Review-g60745-d104871-Reviews-Old_North_Church_Historic_Site-Boston_Massachusetts.html","Old North Church & Historic Site","Excellent
61%
Very good
32%
Average
5%
Poor
1%
Terrible
1%",NA,NA
"https://www.tripadvisor.com/Attraction_Review-g60745-d103642-Reviews-Castle_Island-Boston_Massachusetts.html","Castle Island","Excellent
61%
Very good
32%
Average
5%
Poor
1%
Terrible
1%",NA,NA
"https://www.tripadvisor.com/Attraction_Review-g60745-d1145361-Reviews-HarborWalk-Boston_Massachusetts.html","HarborWalk","Excellent
61%
Very good
33%
Average
5%
Poor
1%
Terrible
0%",NA,NA
"https://www.tripadvisor.com/Attraction_Review-g60745-d133763-Reviews-Bunker_Hill_Monument-Boston_Massachusetts.html","Bunker Hill Monument","Excellent
45%
Very good
41%
Average
12%
Poor
1%
Terrible
1%",NA,"Suggested duration: < 1 hour"
"https://www.tripadvisor.com/Attraction_Review-g60745-d603296-Reviews-Skywalk_Observatory-Boston_Massachusetts.html","Skywalk Observatory","Excellent
51%
Very good
34%
Average
12%
Poor
2%
Terrible
1%",NA,NA
"https://www.tripadvisor.com/Attraction_Review-g60745-d104794-Reviews-New_England_Holocaust_Memorial-Boston_Massachusetts.html","New England Holocaust Memorial","Excellent
71%
Very good
23%
Average
4%
Poor
1%
Terrible
1%",NA,NA
"https://www.tripadvisor.com/Attraction_Review-g60745-d104571-Reviews-Arnold_Arboretum-Boston_Massachusetts.html","Arnold Arboretum","Excellent
76%
Very good
21%
Average
2%
Poor
1%
Terrible
0%",NA,NA
"https://www.tripadvisor.com/Attraction_Review-g60745-d142572-Reviews-Charles_River_Esplanade-Boston_Massachusetts.html","Charles River Esplanade","Excellent
64%
Very good
31%
Average
4%
Poor
1%
Terrible
0%",NA,NA
"https://www.tripadvisor.com/Attraction_Review-g60745-d104793-Reviews-Copley_Square-Boston_Massachusetts.html","Copley Square","Excellent
48%
Very good
41%
Average
9%
Poor
1%
Terrible
1%",NA,NA
"https://www.tripadvisor.com/Attraction_Review-g60745-d559078-Reviews-Waterfront-Boston_Massachusetts.html","Waterfront","Excellent
59%
Very good
34%
Average
5%
Poor
1%
Terrible
1%",NA,NA
"https://www.tripadvisor.com/Attraction_Review-g60745-d104822-Reviews-Old_State_House-Boston_Massachusetts.html","Old State House","Excellent
51%
Very good
37%
Average
10%
Poor
1%
Terrible
1%","Old State House Boston Museum Admission
Discover one of Boston’s most important historical landmarks, and step...read more
From $12.00*
Check Availability",NA
"https://www.tripadvisor.com/Attraction_Review-g60745-d481776-Reviews-Prudential_Center-Boston_Massachusetts.html","Prudential Center","Excellent
48%
Very good
37%
Average
13%
Poor
1%
Terrible
1%",NA,"Suggested duration: 1-2 hours"
"https://www.tripadvisor.com/Attraction_Review-g60745-d144272-Reviews-Harpoon_Brewery_Beer_Hall-Boston_Massachusetts.html","Harpoon Brewery & Beer Hall","Excellent
62%
Very good
30%
Average
6%
Poor
1%
Terrible
1%",NA,NA
"https://www.tripadvisor.com/Attraction_Review-g60745-d546521-Reviews-Boston_Opera_House-Boston_Massachusetts.html","Boston Opera House","Excellent
74%
Very good
20%
Average
2%
Poor
1%
Terrible
3%",NA,NA
"https://www.tripadvisor.com/Attraction_Review-g60745-d4724568-Reviews-Marriott_s_Custom_House-Boston_Massachusetts.html","Marriott's Custom House","Excellent
73%
Very good
21%
Average
4%
Poor
1%
Terrible
1%",NA,NA
"https://www.tripadvisor.com/Attraction_Review-g60745-d8505238-Reviews-Boston_Public_Market-Boston_Massachusetts.html","Boston Public Market","Excellent
55%
Very good
36%
Average
6%
Poor
2%
Terrible
1%",NA,"Suggested duration: < 1 hour"
"https://www.tripadvisor.com/Attraction_Review-g60745-d105254-Reviews-Trinity_Church-Boston_Massachusetts.html","Trinity Church","Excellent
58%
Very good
32%
Average
8%
Poor
1%
Terrible
1%",NA,NA
"https://www.tripadvisor.com/Attraction_Review-g60745-d104909-Reviews-Granary_Burying_Ground-Boston_Massachusetts.html","Granary Burying Ground","Excellent
55%
Very good
35%
Average
8%
Poor
1%
Terrible
1%",NA,NA
"https://www.tripadvisor.com/Attraction_Review-g60745-d103111-Reviews-The_Paul_Revere_House-Boston_Massachusetts.html","The Paul Revere House","Excellent
29%
Very good
44%
Average
23%
Poor
3%
Terrible
1%",NA,"Suggested duration: < 1 hour"
"https://www.tripadvisor.com/Attraction_Review-g60745-d107845-Reviews-Charlestown_Navy_Yard-Boston_Massachusetts.html","Charlestown Navy Yard","Excellent
51%
Very good
39%
Average
8%
Poor
1%
Terrible
1%",NA,"Suggested duration: 2-3 hours"
"https://www.tripadvisor.com/Attraction_Review-g60745-d481783-Reviews-Acorn_Street-Boston_Massachusetts.html","Acorn Street","Excellent
49%
Very good
36%
Average
12%
Poor
1%
Terrible
2%",NA,"Suggested duration: < 1 hour"
"https://www.tripadvisor.com/Attraction_Review-g60745-d2186336-Reviews-Rose_Kennedy_Greenway-Boston_Massachusetts.html","Rose Kennedy Greenway","Excellent
68%
Very good
25%
Average
5%
Poor
1%
Terrible
1%",NA,NA
"https://www.tripadvisor.com/Attraction_Review-g60745-d108740-Reviews-Massachusetts_State_House-Boston_Massachusetts.html","Massachusetts State House","Excellent
52%
Very good
38%
Average
8%
Poor
1%
Terrible
1%",NA,"Suggested duration: 1-2 hours"
"https://www.tripadvisor.com/Attraction_Review-g60745-d104851-Reviews-The_Boston_Pops-Boston_Massachusetts.html","The Boston Pops","Excellent
84%
Very good
11%
Average
3%
Poor
1%
Terrible
1%",NA,NA
"https://www.tripadvisor.com/Attraction_Review-g60745-d659990-Reviews-Spectacle_Island-Boston_Massachusetts.html","Spectacle Island","Excellent
53%
Very good
34%
Average
11%
Poor
2%
Terrible
0%",NA,"Suggested duration: 2-3 hours"
"https://www.tripadvisor.com/Attraction_Review-g60745-d104568-Reviews-George_s_Island-Boston_Massachusetts.html","George's Island","Excellent
63%
Very good
30%
Average
5%
Poor
1%
Terrible
1%",NA,"Suggested duration: 1-2 hours"
"https://www.tripadvisor.com/Attraction_Review-g60745-d109587-Reviews-Haymarket-Boston_Massachusetts.html","Haymarket","Excellent
44%
Very good
46%
Average
6%
Poor
1%
Terrible
3%",NA,NA
"https://www.tripadvisor.com/Attraction_Review-g60745-d105246-Reviews-Wang_Theater-Boston_Massachusetts.html","Wang Theater","Excellent
56%
Very good
25%
Average
13%
Poor
2%
Terrible
4%",NA,"Suggested duration: 2-3 hours"
"https://www.tripadvisor.com/Attraction_Review-g60745-d7273423-Reviews-Commonwealth_Avenue_Mall-Boston_Massachusetts.html","Commonwealth Avenue Mall","Excellent
65%
Very good
31%
Average
4%
Poor
0%
Terrible
0%",NA,NA
"https://www.tripadvisor.com/Attraction_Review-g60745-d108742-Reviews-King_s_Chapel-Boston_Massachusetts.html","King's Chapel","Excellent
51%
Very good
38%
Average
10%
Poor
1%
Terrible
0%",NA,"Suggested duration: < 1 hour"
"https://www.tripadvisor.com/Attraction_Review-g60745-d2365310-Reviews-The_Printing_Office_of_Edes_Gill-Boston_Massachusetts.html","The Printing Office of Edes & Gill","Excellent
77%
Very good
19%
Average
2%
Poor
1%
Terrible
1%",NA,"Suggested duration: < 1 hour"
"https://www.tripadvisor.com/Attraction_Review-g60745-d1200516-Reviews-Frog_Pond-Boston_Massachusetts.html","Frog Pond","Excellent
37%
Very good
46%
Average
14%
Poor
3%
Terrible
0%",NA,NA
"https://www.tripadvisor.com/Attraction_Review-g60745-d7912712-Reviews-Edward_M_Kennedy_Institute_for_the_United_States_Senate-Boston_Massachusetts.html","Edward M. Kennedy Institute for the United States Senate","Excellent
74%
Very good
17%
Average
6%
Poor
2%
Terrible
1%",NA,"Suggested duration: 1-2 hours"
"https://www.tripadvisor.com/Attraction_Review-g60745-d105258-Reviews-Franklin_Park_Zoo-Boston_Massachusetts.html","Franklin Park Zoo","Excellent
20%
Very good
36%
Average
24%
Poor
15%
Terrible
5%",NA,NA
"https://www.tripadvisor.com/Attraction_Review-g60745-d106786-Reviews-Statue_of_Paul_Revere-Boston_Massachusetts.html","Statue of Paul Revere","Excellent
34%
Very good
45%
Average
20%
Poor
1%
Terrible
0%",NA,NA
"https://www.tripadvisor.com/Attraction_Review-g60745-d8525619-Reviews-The_Lawn_On_D-Boston_Massachusetts.html","The Lawn On D","Excellent
50%
Very good
40%
Average
9%
Poor
1%
Terrible
0%",NA,"Suggested duration: 2-3 hours"
"https://www.tripadvisor.com/Attraction_Review-g60745-d8453921-Reviews-USS_Cassin_Young-Boston_Massachusetts.html","USS Cassin Young","Excellent
52%
Very good
39%
Average
8%
Poor
1%
Terrible
0%",NA,NA
"https://www.tripadvisor.com/Attraction_Review-g60745-d279055-Reviews-Old_South_Church-Boston_Massachusetts.html","Old South Church","Excellent
49%
Very good
41%
Average
8%
Poor
1%
Terrible
1%",NA,NA
"https://www.tripadvisor.com/Attraction_Review-g60745-d133818-Reviews-The_Institute_of_Contemporary_Art-Boston_Massachusetts.html","The Institute of Contemporary Art","Excellent
31%
Very good
29%
Average
23%
Poor
12%
Terrible
5%",NA,NA
"https://www.tripadvisor.com/Attraction_Review-g60745-d103114-Reviews-Chinatown-Boston_Massachusetts.html","Chinatown","Excellent
15%
Very good
30%
Average
35%
Poor
14%
Terrible
6%",NA,NA
"https://www.tripadvisor.com/Attraction_Review-g60745-d7809086-Reviews-Downeast_Cider_House-Boston_Massachusetts.html","Downeast Cider House","Excellent
78%
Very good
17%
Average
4%
Poor
1%
Terrible
0%",NA,"Suggested duration: 1-2 hours"
"https://www.tripadvisor.com/Attraction_Review-g60745-d10210757-Reviews-Trillium_Brewing_Company-Boston_Massachusetts.html","Trillium Brewing Company","Excellent
57%
Very good
26%
Average
11%
Poor
5%
Terrible
1%",NA,NA
"https://www.tripadvisor.com/Attraction_Review-g60745-d481780-Reviews-Charles_Street-Boston_Massachusetts.html","Charles Street","Excellent
38%
Very good
54%
Average
7%
Poor
1%
Terrible
0%",NA,NA
"https://www.tripadvisor.com/Attraction_Review-g60745-d106782-Reviews-Bunker_Hill-Boston_Massachusetts.html","Bunker Hill","Excellent
40%
Very good
45%
Average
12%
Poor
2%
Terrible
1%",NA,NA
"https://www.tripadvisor.com/Attraction_Review-g60745-d546507-Reviews-Boston_Convention_Exhibition_Center-Boston_Massachusetts.html","Boston Convention & Exhibition Center","Excellent
41%
Very good
46%
Average
10%
Poor
2%
Terrible
1%",NA,NA
"https://www.tripadvisor.com/Attraction_Review-g60745-d103107-Reviews-John_Hancock_Tower-Boston_Massachusetts.html","John Hancock Tower","Excellent
46%
Very good
34%
Average
16%
Poor
1%
Terrible
3%",NA,NA
"https://www.tripadvisor.com/Attraction_Review-g60745-d108920-Reviews-Boylston_Street-Boston_Massachusetts.html","Boylston Street","Excellent
33%
Very good
53%
Average
12%
Poor
1%
Terrible
1%",NA,NA
"https://www.tripadvisor.com/Attraction_Review-g60745-d558282-Reviews-Christopher_Columbus_Waterfront_Park-Boston_Massachusetts.html","Christopher Columbus Waterfront Park","Excellent
36%
Very good
47%
Average
17%
Poor
0%
Terrible
0%",NA,NA
"https://www.tripadvisor.com/Attraction_Review-g60745-d663043-Reviews-Fan_Pier-Boston_Massachusetts.html","Fan Pier","Excellent
72%
Very good
22%
Average
2%
Poor
2%
Terrible
2%",NA,NA
"https://www.tripadvisor.com/Attraction_Review-g60745-d209258-Reviews-Copley_Place-Boston_Massachusetts.html","Copley Place","Excellent
35%
Very good
42%
Average
21%
Poor
1%
Terrible
1%",NA,"Suggested duration: 2-3 hours"
"https://www.tripadvisor.com/Attraction_Review-g60745-d10239999-Reviews-SoWa_Open_Market-Boston_Massachusetts.html","SoWa Open Market","Excellent
48%
Very good
38%
Average
10%
Poor
3%
Terrible
1%",NA,"Suggested duration: More than 3 hours"
"https://www.tripadvisor.com/Attraction_Review-g60745-d481781-Reviews-Boston_Athenaeum-Boston_Massachusetts.html","Boston Athenaeum","Excellent
75%
Very good
18%
Average
2%
Poor
4%
Terrible
1%",NA,NA
"https://www.tripadvisor.com/Attraction_Review-g60745-d216262-Reviews-Symphony_Hall-Boston_Massachusetts.html","Symphony Hall","Excellent
68%
Very good
27%
Average
3%
Poor
2%
Terrible
0%",NA,NA
"https://www.tripadvisor.com/Attraction_Review-g60745-d142761-Reviews-Boston_Massacre_Site-Boston_Massachusetts.html","Boston Massacre Site","Excellent
26%
Very good
40%
Average
31%
Poor
2%
Terrible
1%",NA,NA
"https://www.tripadvisor.com/Attraction_Review-g60745-d4172035-Reviews-Ether_Dome_at_Mass_General_Hospital-Boston_Massachusetts.html","Ether Dome at Mass General Hospital","Excellent
70%
Very good
24%
Average
6%
Poor
0%
Terrible
0%",NA,NA
"https://www.tripadvisor.com/Attraction_Review-g60745-d11758578-Reviews-Boston_Winery-Boston_Massachusetts.html","Boston Winery","Excellent
70%
Very good
28%
Average
2%
Poor
0%
Terrible
0%",NA,NA
"https://www.tripadvisor.com/Attraction_Review-g60745-d13153448-Reviews-Dreamland_Wax_Museum-Boston_Massachusetts.html","Dreamland Wax Museum","Excellent
18%
Very good
25%
Average
43%
Poor
7%
Terrible
7%","Boston's Dreamland Wax Museum - American History & Celebrity
Book your Dreamland Wax Museum admission ticket in advance on Viator...read more
From $15.00*
Check Availability
Why Book on TripAdvisor?
Tour highlights & full itinerary
Easy online booking
Lowest price guaranteed
More Information ›","Suggested duration: 1-2 hours"
"https://www.tripadvisor.com/Attraction_Review-g60745-d481777-Reviews-Paul_Revere_Mall-Boston_Massachusetts.html","Paul Revere Mall","Excellent
31%
Very good
46%
Average
22%
Poor
1%
Terrible
0%",NA,NA
"https://www.tripadvisor.com/Attraction_Review-g60745-d208217-Reviews-Downtown_Crossing-Boston_Massachusetts.html","Downtown Crossing","Excellent
25%
Very good
20%
Average
33%
Poor
19%
Terrible
3%",NA,NA
"https://www.tripadvisor.com/Attraction_Review-g60745-d558276-Reviews-Peddocks_Island-Boston_Massachusetts.html","Peddocks Island","Excellent
55%
Very good
23%
Average
19%
Poor
3%
Terrible
0%",NA,NA
"https://www.tripadvisor.com/Attraction_Review-g60745-d558286-Reviews-Hynes_Convention_Center-Boston_Massachusetts.html","Hynes Convention Center","Excellent
39%
Very good
43%
Average
17%
Poor
1%
Terrible
0%",NA,NA
"https://www.tripadvisor.com/Attraction_Review-g60745-d268753-Reviews-Leonard_P_Zakim_Bunker_Hill_Bridge-Boston_Massachusetts.html","Leonard P. Zakim Bunker Hill Bridge","Excellent
51%
Very good
33%
Average
14%
Poor
1%
Terrible
1%",NA,NA
"https://www.tripadvisor.com/Attraction_Review-g60745-d558289-Reviews-The_First_Church_of_Christ_Scientist-Boston_Massachusetts.html","The First Church of Christ, Scientist","Excellent
35%
Very good
58%
Average
5%
Poor
1%
Terrible
1%",NA,NA
"https://www.tripadvisor.com/Attraction_Review-g60745-d481782-Reviews-Beacon_Street-Boston_Massachusetts.html","Beacon Street","Excellent
39%
Very good
52%
Average
7%
Poor
1%
Terrible
1%",NA,NA
"https://www.tripadvisor.com/Attraction_Review-g60745-d8400868-Reviews-Haymarket_Square-Boston_Massachusetts.html","Haymarket Square","Excellent
52%
Very good
44%
Average
4%
Poor
0%
Terrible
0%",NA,NA
"https://www.tripadvisor.com/Attraction_Review-g60745-d267724-Reviews-Mary_Baker_Eddy_Library-Boston_Massachusetts.html","Mary Baker Eddy Library","Excellent
52%
Very good
35%
Average
12%
Poor
1%
Terrible
0%",NA,"Suggested duration: < 1 hour"
"https://www.tripadvisor.com/Attraction_Review-g60745-d4318125-Reviews-The_Wilbur_Theatre-Boston_Massachusetts.html","The Wilbur Theatre","Excellent
23%
Very good
36%
Average
25%
Poor
9%
Terrible
7%",NA,NA
"https://www.tripadvisor.com/Attraction_Review-g60745-d8775984-Reviews-Making_Way_for_Ducklings_Statues-Boston_Massachusetts.html","Making Way for Ducklings Statues","Excellent
32%
Very good
55%
Average
13%
Poor
0%
Terrible
0%",NA,NA
"https://www.tripadvisor.com/Attraction_Review-g60745-d2558520-Reviews-Metropolitan_Waterworks_Museum-Boston_Massachusetts.html","Metropolitan Waterworks Museum","Excellent
70%
Very good
28%
Average
2%
Poor
0%
Terrible
0%",NA,NA
"https://www.tripadvisor.com/Attraction_Review-g60745-d8653697-Reviews-Bay_State_Cruise_Company-Boston_Massachusetts.html","Bay State Cruise Company","Excellent
76%
Very good
15%
Average
5%
Poor
2%
Terrible
2%",NA,"Suggested duration: 1-2 hours"
"https://www.tripadvisor.com/Attraction_Review-g60745-d208224-Reviews-Museum_of_African_American_History-Boston_Massachusetts.html","Museum of African American History","Excellent
63%
Very good
26%
Average
4%
Poor
6%
Terrible
1%",NA,NA
"https://www.tripadvisor.com/Attraction_Review-g60745-d105248-Reviews-Emerson_Colonial_Theater-Boston_Massachusetts.html","Emerson Colonial Theater","Excellent
38%
Very good
24%
Average
11%
Poor
12%
Terrible
15%",NA,NA
"https://www.tripadvisor.com/Attraction_Review-g60745-d108749-Reviews-Copp_s_Hill_Burying_Ground-Boston_Massachusetts.html","Copp's Hill Burying Ground","Excellent
34%
Very good
46%
Average
18%
Poor
1%
Terrible
1%",NA,NA
"https://www.tripadvisor.com/Attraction_Review-g60745-d10393600-Reviews-Delta_Sky_Club-Boston_Massachusetts.html","Delta Sky Club","Excellent
47%
Very good
33%
Average
16%
Poor
0%
Terrible
4%",NA,NA
"https://www.tripadvisor.com/Attraction_Review-g60745-d4586529-Reviews-Paul_S_Russell_MD_Museum_of_Medical_History_and_Innovation_at_Massachusetts_Genera.html","Paul S. Russell, MD Museum of Medical History and Innovation at Massachusetts General Hospital","Excellent
72%
Very good
20%
Average
4%
Poor
4%
Terrible
0%",NA,"Suggested duration: < 1 hour"
"https://www.tripadvisor.com/Attraction_Review-g60745-d8052225-Reviews-Massachusetts_Bay_Transportation_Authority_Subway_System-Boston_Massachusetts.html","Massachusetts Bay Transportation Authority - Subway System","Excellent
44%
Very good
35%
Average
16%
Poor
3%
Terrible
2%",NA,NA
"https://www.tripadvisor.com/Attraction_Review-g60745-d8471581-Reviews-James_P_Kelleher_Rose_Garden-Boston_Massachusetts.html","James P Kelleher Rose Garden","Excellent
50%
Very good
40%
Average
5%
Poor
5%
Terrible
0%",NA,NA
"https://www.tripadvisor.com/Attraction_Review-g60745-d546522-Reviews-Boston_Ballet-Boston_Massachusetts.html","Boston Ballet","Excellent
73%
Very good
25%
Average
1%
Poor
0%
Terrible
1%",NA,NA
"https://www.tripadvisor.com/Attraction_Review-g60745-d108744-Reviews-Old_City_Hall-Boston_Massachusetts.html","Old City Hall","Excellent
17%
Very good
56%
Average
25%
Poor
1%
Terrible
1%",NA,NA
"https://www.tripadvisor.com/Attraction_Review-g60745-d559073-Reviews-Jamaica_Pond-Boston_Massachusetts.html","Jamaica Pond","Excellent
57%
Very good
40%
Average
3%
Poor
0%
Terrible
0%",NA,NA
"https://www.tripadvisor.com/Attraction_Review-g60745-d108741-Reviews-Park_Street_Church-Boston_Massachusetts.html","Park Street Church","Excellent
32%
Very good
46%
Average
21%
Poor
1%
Terrible
0%",NA,NA
"https://www.tripadvisor.com/Attraction_Review-g60745-d7983019-Reviews-Piers_Park-Boston_Massachusetts.html","Piers Park","Excellent
70%
Very good
23%
Average
7%
Poor
0%
Terrible
0%",NA,NA
"https://www.tripadvisor.com/Attraction_Review-g60745-d1098339-Reviews-Boston_Irish_Famine_Memorial-Boston_Massachusetts.html","Boston Irish Famine Memorial","Excellent
32%
Very good
46%
Average
18%
Poor
2%
Terrible
2%",NA,NA
"https://www.tripadvisor.com/Attraction_Review-g60745-d3585363-Reviews-Boston_Fire_Museum-Boston_Massachusetts.html","Boston Fire Museum","Excellent
60%
Very good
34%
Average
0%
Poor
6%
Terrible
0%",NA,NA
"https://www.tripadvisor.com/Attraction_Review-g60745-d104823-Reviews-National_Park_Service_Visitor_Center-Boston_Massachusetts.html","National Park Service Visitor Center","Excellent
68%
Very good
22%
Average
9%
Poor
1%
Terrible
0%",NA,NA
"https://www.tripadvisor.com/Attraction_Review-g60745-d4572924-Reviews-New_Balance_Factory_Store-Boston_Massachusetts.html","New Balance Factory Store","Excellent
68%
Very good
24%
Average
4%
Poor
4%
Terrible
0%",NA,NA
"https://www.tripadvisor.com/Attraction_Review-g60745-d225775-Reviews-Ancient_and_Honorable_Artillery_Company_Museum-Boston_Massachusetts.html","Ancient and Honorable Artillery Company Museum","Excellent
87%
Very good
10%
Average
3%
Poor
0%
Terrible
0%",NA,"Suggested duration: 1-2 hours"
"https://www.tripadvisor.com/Attraction_Review-g60745-d559072-Reviews-Jamaica_Plain-Boston_Massachusetts.html","Jamaica Plain","Excellent
42%
Very good
45%
Average
13%
Poor
0%
Terrible
0%",NA,NA
"https://www.tripadvisor.com/Attraction_Review-g60745-d108751-Reviews-Boston_Common_Visitor_Center-Boston_Massachusetts.html","Boston Common Visitor Center","Excellent
27%
Very good
39%
Average
20%
Poor
7%
Terrible
7%",NA,NA
"https://www.tripadvisor.com/Attraction_Review-g60745-d4332479-Reviews-Brighton_Music_Hall-Boston_Massachusetts.html","Brighton Music Hall","Excellent
63%
Very good
19%
Average
15%
Poor
3%
Terrible
0%",NA,NA
"https://www.tripadvisor.com/Attraction_Review-g60745-d3314341-Reviews-Arlington_Street_Church-Boston_Massachusetts.html","Arlington Street Church","Excellent
66%
Very good
30%
Average
4%
Poor
0%
Terrible
0%",NA,"Suggested duration: < 1 hour"
"https://www.tripadvisor.com/Attraction_Review-g60745-d108743-Reviews-Statue_of_Benjamin_Franklin-Boston_Massachusetts.html","Statue of Benjamin Franklin","Excellent
23%
Very good
46%
Average
28%
Poor
1%
Terrible
2%",NA,NA
"https://www.tripadvisor.com/Attraction_Review-g60745-d558264-Reviews-South_End-Boston_Massachusetts.html","South End","Excellent
41%
Very good
55%
Average
4%
Poor
0%
Terrible
0%",NA,NA
"https://www.tripadvisor.com/Attraction_Review-g60745-d548308-Reviews-Little_Brewster_Island_and_Lighthouse-Boston_Massachusetts.html","Little Brewster Island and Lighthouse","Excellent
87%
Very good
13%
Average
0%
Poor
0%
Terrible
0%",NA,"Suggested duration: 2-3 hours"
"https://www.tripadvisor.com/Attraction_Review-g60745-d144271-Reviews-Otis_House-Boston_Massachusetts.html","Otis House","Excellent
47%
Very good
37%
Average
15%
Poor
1%
Terrible
0%",NA,NA
"https://www.tripadvisor.com/Attraction_Review-g60745-d2445693-Reviews-New_England_Conservatory_Jordan_Hall-Boston_Massachusetts.html","New England Conservatory Jordan Hall","Excellent
75%
Very good
23%
Average
2%
Poor
0%
Terrible
0%",NA,NA
"https://www.tripadvisor.com/Attraction_Review-g60745-d15579335-Reviews-MFA_Boston-Boston_Massachusetts.html","MFA Boston","Excellent
84%
Very good
12%
Average
0%
Poor
0%
Terrible
4%",NA,NA
"https://www.tripadvisor.com/Attraction_Review-g60745-d553784-Reviews-Orpheum_Theater-Boston_Massachusetts.html","Orpheum Theater","Excellent
14%
Very good
28%
Average
22%
Poor
14%
Terrible
22%",NA,NA
"https://www.tripadvisor.com/Attraction_Review-g60745-d8790902-Reviews-George_Washington_Statue-Boston_Massachusetts.html","George Washington Statue","Excellent
39%
Very good
35%
Average
26%
Poor
0%
Terrible
0%",NA,NA
"https://www.tripadvisor.com/Attraction_Review-g60745-d4085930-Reviews-Captain_Jackson_s_Historic_Chocolate-Boston_Massachusetts.html","Captain Jackson's Historic Chocolate","Excellent
52%
Very good
32%
Average
13%
Poor
3%
Terrible
0%",NA,"Suggested duration: < 1 hour"
"https://www.tripadvisor.com/Attraction_Review-g60745-d133714-Reviews-The_Sports_Museum-Boston_Massachusetts.html","The Sports Museum","Excellent
50%
Very good
19%
Average
19%
Poor
5%
Terrible
7%",NA,"Suggested duration: 1-2 hours"
"https://www.tripadvisor.com/Attraction_Review-g60745-d142576-Reviews-Gibson_House_Museum-Boston_Massachusetts.html","Gibson House Museum","Excellent
59%
Very good
34%
Average
3%
Poor
3%
Terrible
1%",NA,NA
"https://www.tripadvisor.com/Attraction_Review-g60745-d104570-Reviews-Fort_Warren-Boston_Massachusetts.html","Fort Warren","Excellent
68%
Very good
32%
Average
0%
Poor
0%
Terrible
0%",NA,NA
"https://www.tripadvisor.com/Attraction_Review-g60745-d8273265-Reviews-Rowes_Wharf_Water_Transport-Boston_Massachusetts.html","Rowes Wharf Water Transport","Excellent
59%
Very good
18%
Average
9%
Poor
3%
Terrible
11%",NA,NA
"https://www.tripadvisor.com/Attraction_Review-g60745-d147228-Reviews-The_Fens-Boston_Massachusetts.html","The Fens","Excellent
38%
Very good
47%
Average
12%
Poor
3%
Terrible
0%",NA,NA
"https://www.tripadvisor.com/Attraction_Review-g60745-d8804485-Reviews-King_s_Chapel_Burial_Ground-Boston_Massachusetts.html","King's Chapel Burial Ground","Excellent
28%
Very good
45%
Average
27%
Poor
0%
Terrible
0%",NA,NA
"https://www.tripadvisor.com/Attraction_Review-g60745-d319418-Reviews-Nichols_House_Museum-Boston_Massachusetts.html","Nichols House Museum","Excellent
64%
Very good
23%
Average
8%
Poor
5%
Terrible
0%",NA,NA
"https://www.tripadvisor.com/Attraction_Review-g60745-d17766891-Reviews-Downton_Abbey_The_Exhibition-Boston_Massachusetts.html","Downton Abbey The Exhibition","Excellent
35%
Very good
33%
Average
16%
Poor
16%
Terrible
0%",NA,"Suggested duration: 1-2 hours"
"https://www.tripadvisor.com/Attraction_Review-g60745-d133861-Reviews-Commonwealth_Museum-Boston_Massachusetts.html","Commonwealth Museum","Excellent
32%
Very good
59%
Average
9%
Poor
0%
Terrible
0%",NA,NA
"https://www.tripadvisor.com/Attraction_Review-g60745-d559055-Reviews-Forest_Hills_Cemetery-Boston_Massachusetts.html","Forest Hills Cemetery","Excellent
58%
Very good
34%
Average
4%
Poor
0%
Terrible
4%",NA,"Suggested duration: 2-3 hours"
"https://www.tripadvisor.com/Attraction_Review-g60745-d106783-Reviews-St_Stephen_s_Roman_Catholic_Church-Boston_Massachusetts.html","St. Stephen's Roman Catholic Church","Excellent
7%
Very good
65%
Average
28%
Poor
0%
Terrible
0%",NA,NA
"https://www.tripadvisor.com/Attraction_Review-g60745-d3569524-Reviews-Church_of_the_Covenant-Boston_Massachusetts.html","Church of the Covenant","Excellent
68%
Very good
25%
Average
7%
Poor
0%
Terrible
0%",NA,NA
"https://www.tripadvisor.com/Attraction_Review-g60745-d8804059-Reviews-Statue_of_Samuel_Adams-Boston_Massachusetts.html","Statue of Samuel Adams","Excellent
15%
Very good
52%
Average
31%
Poor
2%
Terrible
0%",NA,NA
"https://www.tripadvisor.com/Attraction_Review-g60745-d279058-Reviews-Thompson_Island-Boston_Massachusetts.html","Thompson Island","Excellent
82%
Very good
9%
Average
0%
Poor
9%
Terrible
0%",NA,NA
"https://www.tripadvisor.com/Attraction_Review-g60745-d481778-Reviews-Louisburg_Square-Boston_Massachusetts.html","Louisburg Square","Excellent
38%
Very good
52%
Average
7%
Poor
3%
Terrible
0%",NA,NA
"https://www.tripadvisor.com/Attraction_Review-g60745-d103640-Reviews-Dorchester_Heights_National_Historic_Site-Boston_Massachusetts.html","Dorchester Heights National Historic Site","Excellent
48%
Very good
48%
Average
4%
Poor
0%
Terrible
0%",NA,NA
"https://www.tripadvisor.com/Attraction_Review-g60745-d558268-Reviews-World_Trade_Center_Boston-Boston_Massachusetts.html","World Trade Center Boston","Excellent
54%
Very good
30%
Average
16%
Poor
0%
Terrible
0%",NA,NA
"https://www.tripadvisor.com/Attraction_Review-g60745-d103109-Reviews-Emerald_Necklace-Boston_Massachusetts.html","Emerald Necklace","Excellent
65%
Very good
35%
Average
0%
Poor
0%
Terrible
0%",NA,NA
"https://www.tripadvisor.com/Attraction_Review-g60745-d103643-Reviews-South_Boston-Boston_Massachusetts.html","South Boston","Excellent
24%
Very good
52%
Average
16%
Poor
4%
Terrible
4%",NA,NA
"https://www.tripadvisor.com/Attraction_Review-g60745-d3224494-Reviews-Lyric_Stage_Company_of_Boston-Boston_Massachusetts.html","Lyric Stage Company of Boston","Excellent
74%
Very good
18%
Average
4%
Poor
2%
Terrible
2%",NA,NA
"https://www.tripadvisor.com/Attraction_Review-g60745-d208219-Reviews-Berklee_College_of_Music-Boston_Massachusetts.html","Berklee College of Music","Excellent
54%
Very good
39%
Average
5%
Poor
0%
Terrible
2%",NA,NA
"https://www.tripadvisor.com/Attraction_Review-g60745-d10393427-Reviews-Air_France_Lounge-Boston_Massachusetts.html","Air France Lounge","Excellent
14%
Very good
36%
Average
20%
Poor
8%
Terrible
22%",NA,NA
"https://www.tripadvisor.com/Attraction_Review-g60745-d3519201-Reviews-Boston_Common_Carousel-Boston_Massachusetts.html","Boston Common Carousel","Excellent
43%
Very good
40%
Average
9%
Poor
4%
Terrible
4%",NA,NA
"https://www.tripadvisor.com/Attraction_Review-g60745-d11611838-Reviews-Warrior_Ice_Arena-Boston_Massachusetts.html","Warrior Ice Arena","Excellent
64%
Very good
27%
Average
0%
Poor
9%
Terrible
0%",NA,NA
"https://www.tripadvisor.com/Attraction_Review-g60745-d2142784-Reviews-Boston_Latin_School-Boston_Massachusetts.html","Boston Latin School","Excellent
23%
Very good
37%
Average
40%
Poor
0%
Terrible
0%",NA,NA
"https://www.tripadvisor.com/Attraction_Review-g60745-d11919109-Reviews-Agganis_Arena-Boston_Massachusetts.html","Agganis Arena","Excellent
44%
Very good
36%
Average
10%
Poor
5%
Terrible
5%",NA,NA
"https://www.tripadvisor.com/Attraction_Review-g60745-d2501125-Reviews-Chestnut_Hill_Reservoir-Boston_Massachusetts.html","Chestnut Hill Reservoir","Excellent
31%
Very good
57%
Average
9%
Poor
3%
Terrible
0%",NA,NA
"https://www.tripadvisor.com/Attraction_Review-g60745-d11829271-Reviews-Bunker_Hill_Museum-Boston_Massachusetts.html","Bunker Hill Museum","Excellent
35%
Very good
43%
Average
22%
Poor
0%
Terrible
0%",NA,"Suggested duration: < 1 hour"
